{
  "stage1": {
    "Logistic Regression": {
      "Accuracy": 0.776358667087144,
      "Precision": 0.9884251139950895,
      "Recall": 0.4002840909090909,
      "F1": 0.5698109392376909,
      "AUC-ROC": 0.9316640187700045
    },
    "XGBoost Classifier": {
      "Accuracy": 0.7235362136024388,
      "Precision": 0.9900881057268722,
      "Recall": 0.25539772727272725,
      "F1": 0.40605239385727193,
      "AUC-ROC": 0.6313115893732082
    },
    "XGBoost Cls (Test)": {
      "Accuracy": 0.9769788710186061,
      "Precision": 0.9902786779001944,
      "Recall": 0.9417565485362096,
      "F1": 0.9654083083241194,
      "AUC-ROC": 0.9917186361522268
    }
  },
  "stage2": {
    "Linear Regression": {
      "RMSE": 1.219202481033522,
      "MAE": 0.918340730289116,
      "R2": 0.585737156682546,
      "MAPE": 151.01393279140524
    },
    "Ridge Regression": {
      "RMSE": 1.219064423159562,
      "MAE": 0.9182113383691957,
      "R2": 0.5858309704832589,
      "MAPE": 151.01731288656498
    },
    "Random Forest": {
      "RMSE": 0.7373830442144208,
      "MAE": 0.47216039910160634,
      "R2": 0.8484658210921912,
      "MAPE": 106.01858930504604
    },
    "XGBoost": {
      "RMSE": 0.6314319772353285,
      "MAE": 0.3293887518151163,
      "R2": 0.8888837823500515,
      "MAPE": 28.691596276614284
    },
    "XGBoost (Test)": {
      "RMSE": 0.6848315150385937,
      "MAE": 0.34366944358374973,
      "R2": 0.8661601903481582,
      "MAPE": 43.07515530877893
    },
    "Stacking Ensemble": {
      "RMSE": 0.6360924384078886,
      "MAE": 0.3291115180162284,
      "R2": 0.8872374802435025,
      "MAPE": 27.89924768661941
    },
    "Stacking (Test)": {
      "RMSE": 0.6803299142446321,
      "MAE": 0.33886396742711483,
      "R2": 0.8679139449469564,
      "MAPE": 38.30447728704416
    }
  },
  "final_model": "XGBoost",
  "best_xgb_reg_params": {
    "n_estimators": 441,
    "max_depth": 9,
    "learning_rate": 0.025910642424390673,
    "subsample": 0.9495645971462902,
    "colsample_bytree": 0.8210777442167627,
    "min_child_weight": 8,
    "reg_alpha": 0.009019312753030303,
    "reg_lambda": 2.6755624575539527e-06,
    "random_state": 42,
    "n_jobs": -1
  },
  "best_xgb_cls_params": {
    "n_estimators": 143,
    "max_depth": 3,
    "learning_rate": 0.010052201091529116,
    "subsample": 0.6465763666501995,
    "colsample_bytree": 0.9469581369675476,
    "min_child_weight": 9,
    "eval_metric": "logloss",
    "random_state": 42,
    "n_jobs": -1
  },
  "cluster_names": {
    "0": "Large-Area Projects",
    "1": "Low-Value Residential",
    "2": "High-Value Construction",
    "3": "Administrative/Zero-Value",
    "4": "High-Value Construction 2",
    "5": "Large-Area Projects 2",
    "6": "Low-Value Residential 2",
    "7": "Mid-Value Commercial/Reno",
    "8": "High-Value Construction 3"
  },
  "optimal_k": 9
}